soc,ID,focal_year,iso,family_glottolog,normative_monogamy,percent_polygyny_men,percent_polygyny_women,assault,assault_original,jurisdictional_hierarchy,intercommunity_trade,military_mobilization,class_differentiation,land_tenure_Kushnick,land_ownership_Kavanagh,private_land_importance_Pryor,land_communality,agriculture_intensity,population_density,altitude,incline,latitude,longitude
Nama_Hottentot,SCCS1,1860,naq,Khoe-Kwadi,3,5,12,88,NA,2,4,2,2,NA,0,NA,NA,1,1,770.5085225,3.802852153,-26.5,17.1
Kung_Bushmen,SCCS2,1950,knw,Kxa,3,10,19,1,1,1,2,3,1,NA,1,2,3,1,1,1146.313709,0.19707559,-19.5,18.3
Thonga,SCCS3,1895,tso,Atlantic-Congo,5,40,66,88,NA,3,4,1,4,NA,1,NA,3,3,5,158.3395816,1.162379057,-25.4,32.8
Lozi,SCCS4,1900,loz,Atlantic-Congo,5,40,NA,88,NA,4,4,1,4,NA,0,NA,3,5,3,1050.433449,0.244639377,-17.47,24.3
Mbundu,SCCS5,1890,umb,Atlantic-Congo,5,27,45,88,NA,3,2,2,4,NA,NA,NA,NA,3,3,1680.269562,0.971032547,-12.5,16.3
Suku,SCCS6,1920,sub,Atlantic-Congo,5,27,41,7,2.5,4,4,NA,4,NA,NA,NA,2,3,3,875.0457515,1.276658296,-6.1,18.1
Bemba,SCCS7,1897,bem,Atlantic-Congo,3,2,7,88,NA,3,1,NA,4,NA,1,NA,NA,3,2,1228.933626,0.490130423,-9.8,29.08
Nyakyusa,SCCS8,1934,nyy,Atlantic-Congo,5,44,70,0,NA,3,2,1,1,NA,1,NA,2,5,4,1026.743062,2.802452968,-9.3,34.7
Hadza,SCCS9,1930,hts,Hadza,2,6,12,88,NA,1,2,NA,1,NA,NA,1,NA,1,1,1320.193027,1.814495716,-3.9,35.6
Luguru,SCCS10,1925,ruf,Atlantic-Congo,3,NA,NA,88,NA,1,4,3,1,NA,NA,3,NA,3,5,451.9252396,1.633413648,-6.8,37
Kikuyu,SCCS11,1920,kik,Atlantic-Congo,5,NA,32,7,2.5,1,4,1,2,NA,1,NA,3,5,5,1467.02288,1.630076194,-0.5,37.45
Ganda,SCCS12,1875,lug,Atlantic-Congo,5,55,80,0,NA,4,4,1,4,NA,0,NA,3,5,5,1154.083676,0.612848357,0,32.4
Mbuti,SCCS13,1950,efe,Central Sudanic,3,6,12,5,2,1,4,3,1,NA,NA,1,3,1,1,717.1634058,0.743140259,2.1,28
Nkundo_Mongo,SCCS14,1930,lol,Atlantic-Congo,5,NA,NA,0,NA,3,4,2,1,NA,1,NA,NA,3,2,343.8233317,0.197422933,-1.9,18.1
Banen,SCCS15,1935,baz,Atlantic-Congo,5,NA,NA,0,NA,1,3,2,1,NA,NA,NA,NA,3,3,672.715888,2.502488922,4.4,10
Tiv,SCCS16,1920,tiv,Atlantic-Congo,5,20,52,5,2,2,5,2,1,NA,0,NA,1,3,4,171.1927008,0.751722712,6.47,7.55
Ibo,SCCS17,1935,ibo,Atlantic-Congo,5,24,46,7,2.5,2,5,1,1,NA,1,3.5,NA,3,5,69.67776489,0.326724042,4.85,7.02
Fon,SCCS18,1890,fon,Atlantic-Congo,5,NA,NA,88,NA,4,5,1,4,NA,NA,NA,3,3,4,136.0613835,0.568671813,7.1,1.9
Ashanti,SCCS19,1895,aka,Atlantic-Congo,5,49,72,0,NA,3,4,1,4,NA,NA,NA,3,3,4,250.6974991,1.137873026,6.72,-1.6
Mende,SCCS20,1945,men,Mande,5,90,97,88,NA,2,5,1,4,NA,1,NA,NA,3,4,85.96437176,0.471903933,7.53,-12.5
Wolof,SCCS21,1950,wol,Atlantic-Congo,5,39,61,0,NA,3,5,1,5,NA,1,3.5,2,3,5,33.30326518,0.254272313,13.53,-14.77
Bambara,SCCS22,1902,bam,Mande,5,NA,NA,8,2.75,2,4,2,4,NA,0,NA,2,5,3,325.3083142,0.371152453,12.9,-7.3
Tallensi,SCCS23,1934,gur,Atlantic-Congo,5,40,62,1,1,1,5,2,2,NA,1,3,1,5,5,206.4969174,0.555670197,10.5,-0.4
Songhai,SCCS24,1940,"hmb, khq, ses",Songhay,2,1,2,3,1.5,4,4,1,5,NA,NA,NA,NA,5,3,276.2189125,0.171648572,16.72,-3
Pastoral_Fulani,SCCS25,1951,fuv,Atlantic-Congo,5,35,54,6,2.25,2,5,2,1,NA,NA,2,3,2,2,442.0664407,0.246643109,13.78,8.98
Hausa,SCCS26,1900,hau,Afro-Asiatic,5,40,59,88,NA,4,5,1,5,NA,NA,4,3,6,4,656.931444,0.628368259,10.6,7.45
Massa_Masa,SCCS27,1910,mcn,Afro-Asiatic,5,NA,NA,88,NA,1,4,NA,1,NA,NA,NA,NA,6,4,331.5446465,0.034692746,10.2,15.3
Azande,SCCS28,1905,zne,Atlantic-Congo,5,32,57,8,2.75,3,2,1,4,NA,NA,NA,1,3,2,615.4487382,0.498375046,4.5,28.4
Fur_Darfur,SCCS29,1880,fvr,Furan,3,NA,NA,3,1.5,4,4,2,4,NA,NA,4,3,5,3,675.3965036,0.303486223,13.62,25.33
Otoro_Nuba,SCCS30,1930,otr,Heibanic,5,60,77,1,1,2,4,1,2,NA,NA,NA,NA,5,3,671.8419844,0.689150316,11.87,31.05
Shilluk,SCCS31,1910,shk,Nilotic,5,23,37,8,2.75,2,4,2,5,NA,NA,NA,3,3,4,399.8861555,0.027957017,9.8,32.1
Mao,SCCS32,1939,"gza, hoz, myf, sze",Blue Nile Mao,4,5,10,0,NA,2,4,NA,1,NA,NA,NA,NA,3,3,1504.964254,2.788672864,8.2,34.5
Kafa_Kaffa,SCCS33,1905,kbr,Ta-Ne-Omotic,5,NA,NA,88,NA,5,2,NA,4,NA,NA,NA,NA,5,4,1807.381104,5.986497426,7.67,36.83
Masai,SCCS34,1900,mas,Nilotic,5,41,61,0,NA,2,5,1,1,NA,0,2,NA,1,2,1202.091964,1.219352828,-3.33,36.62
Konso,SCCS35,1935,kxc,Afro-Asiatic,3,10,24,88,NA,1,2,1,2,NA,NA,4,NA,5,5,1395.608574,2.975321656,5.28,39.75
Somali,SCCS36,1900,som,Afro-Asiatic,5,43,65,9,3,3,4,2,2,NA,0,1,3,5,3,666.9142047,0.574249035,9.52,45.57
Amhara,SCCS37,1953,amh,Afro-Asiatic,1,0,0,1,1,4,5,1,5,NA,1,3,2,5,4,2034.185912,2.858369133,14.1,38.8
Bogo,SCCS38,1855,byn,Afro-Asiatic,3,NA,NA,0,NA,2,4,NA,3,NA,NA,4,NA,2,2,1175.209257,4.453634451,15.8,38.5
Kenuzi_Nubians,SCCS39,1900,kzh,Nubian,3,NA,NA,88,NA,1,2,3,2,NA,NA,4,NA,6,4,183.2408359,1.230387557,23.97,32.78
Teda,SCCS40,1950,tuq,Saharan,4,10,22,0,NA,2,5,2,4,NA,1,NA,NA,6,1,1087.325243,2.506539885,20.5,16.2
Tuareg,SCCS41,1900,thv,Afro-Asiatic,1,0,0,1,1,3,5,1,3,NA,NA,NA,2,6,1,973.4009109,1.52300486,22.78,5.52
Riffians,SCCS42,1926,rif,Afro-Asiatic,4,11,25,8,2.75,2,4,2,2,NA,1,NA,1,5,5,426.3241661,2.29341549,34,-5
Egyptians,SCCS43,1950,arz,Afro-Asiatic,2,3,7,5,2,4,5,1,5,NA,1,4,1,6,5,205.0317021,0.660649048,23.97,32.78
Hebrews,SCCS44,-621,"hbo, heb",Afro-Asiatic,5,NA,NA,88,NA,3,4,1,4,NA,NA,NA,NA,5,5,257.8952812,1.10047225,31.87,35.22
Babylonians,SCCS45,-1750,-,Afro-Asiatic,1,NA,NA,88,NA,4,2,1,5,NA,NA,NA,NA,6,5,28.61935037,0.040265499,31.98,44.98
Rwala_Bedouin,SCCS46,1913,ara (ars),Afro-Asiatic,5,NA,NA,7,2.5,2,5,2,2,NA,NA,NA,NA,1,1,751.2404697,0.1926995,34.55,38.3
Turks,SCCS47,1950,tur,Turkic,2,3,6,9,3,4,4,1,5,NA,1,NA,2,5,4,1109.528098,2.192202106,40,32.9
Gheg_Albanians,SCCS48,1910,aln,Indo-European,5,24,41,9,3,3,4,2,1,NA,1,NA,NA,5,4,956.6248228,8.695484052,41.33,19.78
Romans,SCCS49,110,lat,Indo-European,1,0,0,88,NA,5,7,1,5,NA,NA,NA,NA,5,5,822.4881876,7.603896543,41.67,12.23
Basques,SCCS50,1934,eus,Basque,1,0,0,88,NA,4,4,1,5,NA,1,4,2,5,3,298.5865508,3.10101163,41.67,-1
Irish,SCCS51,1932,gle,Indo-European,1,0,0,0,NA,3,5,1,5,NA,1,NA,1,5,4,29.270093,0.971480397,52.7,-8.92
Lapps,SCCS52,1950,sme,Uralic,1,0,0,1,1,1,4,NA,2,NA,0,NA,NA,1,2,564.0509259,1.978325355,68.45,22.5
Yurak_Samoyed,SCCS53,1894,yrk,Uralic,2,0,0,3,1.5,1,4,2,2,NA,NA,2,NA,1,1,58.35000745,0.613311269,67.58,52.17
Russians,SCCS54,1955,rus,Indo-European,1,0,0,9,3,5,4,1,5,NA,NA,NA,2,6,3,160.1009217,0.42200668,52.73,41.47
Abkhaz,SCCS55,1880,abk,Abkhaz-Adyge,3,NA,NA,88,NA,2,1,1,5,NA,NA,2,NA,5,4,1101.90991,8.903957398,42.52,41.88
Armenians,SCCS56,1843,hye,Indo-European,1,0,0,0,NA,4,4,NA,2,NA,NA,3.5,NA,5,4,1445.788498,4.300186587,40.82,44.5
Kurd,SCCS57,1951,"ckb, kmr, sdh",Indo-European,3,4,7,3,1.5,3,5,2,4,NA,NA,4,2,6,5,999.3388582,6.268590993,35.47,44.4
Basseri,SCCS58,1958,pes,Indo-European,4,NA,NA,88,NA,2,5,2,2,NA,NA,1.5,2,2,2,1391.350676,5.573969378,29.53,52.58
Punjabi_West,SCCS59,1950,pnb,Indo-European,1,0,0,9,3,5,4,1,4,NA,NA,4,1,5,5,228.5257573,0.068486617,31.63,74.87
Gond,SCCS60,1938,"esg, gno, wsg",Dravidian,5,NA,NA,1,1,2,4,NA,2,NA,NA,NA,NA,3,3,423.2159254,1.723022507,19.08,82.03
Toda,SCCS61,1900,tcx,Dravidian,2,1,1,1,1,2,5,3,1,NA,1,2,3,1,4,721.5619261,3.914054074,11.25,75.78
Santal,SCCS62,1940,sat,Austroasiatic,2,2,4,0,NA,2,4,3,1,NA,NA,NA,1,6,5,82.62048034,0.287142795,24.27,87.25
Uttar_Pradesh,SCCS63,1945,hin,Indo-European,2,NA,NA,5,2,5,4,2,4,NA,1,4,NA,6,5,76.37539742,0.057502279,25.45,81.73
Burusho,SCCS64,1934,bsk,Burushaski,2,NA,NA,1,1,2,2,NA,5,NA,1,4,NA,6,2,4151.733346,20.7446027,33.92,73.38
Kazak,SCCS65,1885,kaz,Turkic,4,10,18,5,2,4,2,2,4,NA,NA,2,NA,2,2,2629.101667,7.992346889,43.23,76.93
Khalka_Mongols,SCCS66,1920,khk,Mongolic-Khitan,1,0,0,3,1.5,4,5,1,4,NA,NA,1.5,2,2,2,1769.411714,2.086991289,47.6,95
Lolo,SCCS67,1910,iii,Sino-Tibetan,4,3,5,6,2.25,1,2,2,4,NA,1,4,NA,5,2,2081.638648,6.254606339,28.8,104.6
Lepcha,SCCS68,1937,lep,Sino-Tibetan,2,21,35,1,1,2,4,3,2,NA,0,4,1,5,4,2794.578261,13.90427281,27.73,89.08
Garo,SCCS69,1955,grt,Sino-Tibetan,4,9,17,5,2,2,5,2,2,NA,1,2,2,3,4,725.3393638,3.063404007,25.57,91.88
Lakher,SCCS70,1930,mrh,Sino-Tibetan,2,NA,NA,1,1,2,2,NA,4,NA,NA,NA,3,3,3,1060.449908,9.202372963,22.63,92.2
Burmese,SCCS71,1965,mya,Sino-Tibetan,1,0,0,9,3,4,5,1,5,NA,1,4,1,6,5,134.2842296,0.756784137,21.98,96.1
Lamet,SCCS72,1940,lbn,Austroasiatic,2,NA,NA,0,NA,1,2,NA,2,NA,NA,NA,3,3,1,697.9168809,5.147929017,19.92,99.8
Vietnamese,SCCS73,1930,vie,Austroasiatic,3,NA,NA,9,3,5,4,1,5,NA,NA,NA,NA,6,5,10.19356963,0.224516804,20.8,106.63
Rhade,SCCS74,1962,rad,Austronesian,2,NA,NA,5,2,1,4,NA,2,NA,NA,3,NA,3,5,596.7896224,2.335997425,12.68,108.08
Khmer,SCCS75,1292,khm,Austroasiatic,4,NA,NA,1,1,5,4,1,5,NA,NA,NA,1,5,4,41.33211253,0.451363504,13.37,103.85
Siamese,SCCS76,1955,tha,Tai-Kadai,2,1,2,0,NA,5,4,1,2,NA,1,4,NA,6,5,7.461634376,0.099016199,13.73,100.57
Semang,SCCS77,1925,jhi,Austroasiatic,2,1,2,1,1,1,5,NA,1,NA,1,2,3,1,1,587.146524,5.278915653,4.57,101.1
Nicobarese,SCCS78,1870,caq,Austroasiatic,2,0,0,1,1,1,4,3,1,NA,NA,NA,1,4,4,8.620540847,0.167219274,11.67,92.72
Andamanese,SCCS79,1860,abj,Great Andamanese,1,0,0,5,2,1,2,2,1,NA,NA,1,3,1,2,1.384133765,0.068084392,11.67,92.72
Vedda,SCCS80,1860,ved,Indo-European,1,0,0,1,1,1,4,NA,1,NA,1,2,2,1,1,102.5200142,1.077507971,7.72,81.7
Tanala,SCCS81,1925,plt,Austronesian,5,31,52,3,1.5,2,2,1,4,NA,1,NA,3,6,2,10.03863281,0.118014001,-21.2,48.37
Negri_Sembilan,SCCS82,1958,zmi,Austronesian,4,NA,NA,88,NA,4,4,1,1,NA,NA,4,NA,6,5,132.7427296,1.758094886,2.7,102.3
Javanese,SCCS83,1954,jav,Austronesian,3,2,4,0,NA,5,5,1,5,2,1,4,NA,6,5,359.9110274,2.427725137,-7.6,112.3
Balinese,SCCS84,1958,ban,Austronesian,4,18,35,3,1.5,4,5,1,5,3.5,1,4,NA,6,5,59.48131769,0.599957604,-8.75,115.17
Iban,SCCS85,1950,iba,Austronesian,1,0,0,0,NA,1,4,2,1,3.5,NA,NA,1,3,3,301.3901781,3.320444778,2.33,111.83
Badjau,SCCS86,1963,bdl,Austronesian,1,0,0,1,1,1,5,3,2,1,NA,1,3,4,1,2.545860267,0.085381117,6,121
Toradja,SCCS87,1910,rob,Austronesian,3,NA,NA,88,NA,2,2,2,2,4,1,NA,NA,3,3,542.9485659,4.57343561,-3,120.2
Tobelorese,SCCS88,1900,tlb,North Halmahera,1,0,0,0,NA,3,4,NA,1,NA,NA,NA,NA,3,3,93.96063342,1.262656508,1.8,128
Alorese,SCCS89,1938,aol,Austronesian,4,27,44,9,3,3,4,2,2,NA,1,NA,NA,3,5,191.4678113,2.680762681,-8.57,125.57
Tiwi,SCCS90,1929,tiw,Tiwi,5,70,90,9,3,1,4,2,1,NA,1,1,3,1,1,7.852466877,0.127083335,-11.32,131.77
Aranda,SCCS91,1896,"axl, aer",Pama-Nyungan,5,60,78,88,NA,1,2,2,1,NA,1,1,3,1,1,508.4260406,0.601501577,-23.8,133.9
Orokaiva,SCCS92,1925,okv,Nuclear Trans New Guinea,4,5,10,1,1,1,2,2,1,NA,1,NA,3,4,2,232.8578572,1.656167855,-6.73,147
Kimam,SCCS93,1960,kjd,Kiwaian,2,15,30,4,1.75,1,1,2,1,NA,NA,NA,NA,5,1,8.201527393,0.089545395,-5.5,138.1
Kapauku,SCCS94,1955,ekg,Nuclear Trans New Guinea,5,31,50,9,3,2,5,2,2,NA,1,NA,1,3,5,806.5178796,5.968229178,-0.88,134.05
Kwoma,SCCS95,1937,kmo,Sepik,5,38,59,9,3,1,4,1,1,NA,1,NA,2,4,4,79.69712667,1.797579399,-2.57,140.48
Manus,SCCS96,1929,lle,Austronesian,2,2,4,8,2.75,1,7,2,2,3.5,NA,2,NA,2,4,24.72194829,0.408145399,-2.07,147.43
New_Ireland,SCCS97,1930,ncf,Austronesian,4,12,21,5,2,1,2,NA,1,NA,NA,NA,NA,4,3,23.49997964,0.597341233,-2.3,151
Trobrianders,SCCS98,1914,kij,Austronesian,3,3,39,9,3,2,5,2,4,3,1,NA,3,4,4,1.237124503,0.051171507,-8.38,151.4
Siuai,SCCS99,1939,siw,South Bougainville,3,14,28,2,1.25,1,5,2,2,NA,1,NA,NA,4,4,61.09261362,0.505663696,-8.33,157.27
Tikopia,SCCS100,1930,tkp,Austronesian,4,5,7,5,2,2,2,3,4,3,1,NA,3,4,5,0.088512399,0.007221085,-13.85,167.55
Pentecost,SCCS101,1953,sax,Austronesian,4,12,30,1,1,1,2,1,2,NA,NA,NA,NA,4,3,48.80788311,0.938972083,-15.52,167.22
Mbau_Fijians,SCCS102,1840,fij,Austronesian,3,1,3,9,3,3,2,2,2,NA,NA,2,NA,4,5,6.075929242,0.135103575,-18.1,178.4
Ajie,SCCS103,1845,aji,Austronesian,5,NA,NA,0,NA,2,5,2,1,NA,NA,NA,3,6,2,130.0438169,2.48328603,-21.3,165.6
Maori,SCCS104,1820,mri,Austronesian,3,1,5,5,2,2,4,2,4,3,1,2,3,3,1,40.06967937,0.839874049,-35.13,173.27
Marquesans,SCCS105,1800,"mrq, mqm",Austronesian,2,0,0,88,NA,2,2,2,4,NA,NA,NA,NA,4,4,17.48050125,0.371666507,-8.9,-140
Western_Samoans,SCCS106,1829,smo,Austronesian,3,0,0,88,NA,3,4,2,4,2.5,NA,NA,NA,4,5,21.03094655,0.358129211,-13.8,-171.78
Gilbertese,SCCS107,1890,gil,Austronesian,3,1,2,88,NA,2,4,2,4,4,NA,NA,NA,4,5,0.048975953,0.00351578,3.03,172.78
Marshallese,SCCS108,1900,mah,Austronesian,4,NA,NA,3,1.5,2,4,2,4,NA,NA,4,1,4,5,0.013632406,0.001140755,5.33,163.03
Trukese,SCCS109,1947,chk,Austronesian,2,0,0,7,2.5,1,4,2,1,3.5,1,NA,3,4,5,0.514104355,0.035066712,7.47,151.85
Yapese,SCCS110,1910,yap,Austronesian,3,5,10,1,1,2,4,2,4,NA,1,NA,NA,4,4,0.336301986,0.015652457,9.48,138.08
Palauans,SCCS111,1947,pau,Austronesian,4,1,2,88,NA,3,4,1,4,NA,1,NA,3,4,4,1.213586417,0.040435078,7.33,134.48
Ifugao,SCCS112,1910,"ifa, ifb, ifu, ifk",Austronesian,2,2,4,9,3,1,4,2,2,NA,1,NA,NA,6,5,791.5325453,5.950430744,15.77,121.57
Atayal,SCCS113,1930,tay,Austronesian,1,0,0,9,3,2,3,NA,1,3,NA,NA,NA,3,3,515.6854071,4.137692533,24.82,120.93
Chinese,SCCS114,1936,wuu,Sino-Tibetan,1,0,0,0,NA,5,5,1,5,NA,NA,4,2,6,5,16.41609871,0.462323984,29.86,119.68
Manchu,SCCS115,1915,mnc,Tungusic,1,0,0,88,NA,4,2,1,2,NA,NA,NA,NA,5,5,388.5614329,1.423740887,49.17,125.23
Koreans,SCCS116,1947,kor,Koreanic,1,1,2,8,2.75,3,5,1,5,NA,1,NA,1,6,5,41.05909156,0.861711446,37.48,126.63
Japanese,SCCS117,1950,jpn,Japonic,1,0,0,1,1,5,5,1,5,NA,1,NA,1,6,5,222.5501699,2.739957602,35.43,133.35
Ainu,SCCS118,1880,ain,Ainu,3,1,2,5,2,2,4,3,1,NA,1,2,3,3,1,176.7201073,1.800823865,43.77,142.37
Gilyak,SCCS119,1890,niv,Nivkh,3,1,3,3,1.5,1,4,2,1,NA,1,2,3,1,1,84.03638535,0.661789423,54.42,142.72
Yukaghir,SCCS120,1850,ykg,Yukaghir,2,1,2,88,NA,1,4,2,1,NA,NA,2.5,NA,1,1,339.3783493,4.257224588,65.73,150.9
Chukchee,SCCS121,1900,ckt,Chukotko-Kamchatkan,4,33,49,9,3,1,4,2,2,NA,NA,NA,NA,1,1,345.0480588,3.962701741,66.35,-179.12
Ingalik,SCCS122,1885,ing,Athabaskan-Eyak-Tlingit,3,4,8,2,1.25,1,2,2,2,NA,NA,2.5,1,1,1,107.0482749,1.667028792,62.2,-159.8
Aleut,SCCS123,1800,ale,Eskimo-Aleut,3,NA,NA,1,1,1,2,2,4,NA,1,1,1,1,3,19.05275351,0.851174636,55.2,-162.72
Copper_Eskimo,SCCS124,1915,ikt,Eskimo-Aleut,2,5,10,7,2.5,1,2,3,1,NA,1,1,NA,1,1,66.43620096,0.241505793,67.82,-115.15
Montagnais,SCCS125,1910,moe,Algic,2,NA,NA,1,1,1,5,2,1,NA,NA,3,3,1,1,419.2611996,0.921754808,50.3,-73.9
Micmac,SCCS126,1650,mic,Algic,3,NA,NA,88,NA,2,4,2,1,NA,NA,3,NA,1,1,12.90899354,0.148821642,46.28,-63.13
Saulteaux,SCCS127,1930,"ojb, ojw",Algic,3,2,4,3,1.5,1,5,3,1,NA,1,2.5,NA,1,1,321.9455961,0.259824419,50.5,-96
Slave,SCCS128,1940,xsl,Athabaskan-Eyak-Tlingit,3,2,4,0,NA,1,5,2,1,NA,0,3,NA,1,1,210.7982845,0.450776412,61.75,-121.23
Kaska,SCCS129,1900,kkz,Athabaskan-Eyak-Tlingit,3,2,4,5,2,1,4,1,1,NA,0,2,3,1,1,1376.605256,6.706238425,58.42,-130
Eyak,SCCS130,1890,eya,Athabaskan-Eyak-Tlingit,3,NA,NA,5,2,2,2,2,2,NA,NA,1,3,1,1,122.9807718,2.246036582,59.8,-144.6
Haida,SCCS131,1875,hax,Haida,4,NA,NA,0,NA,1,4,2,4,NA,NA,4,NA,1,1,107.1401201,2.356656095,54,-132.2
Bellacoola,SCCS132,1880,blc,Salishan,4,5,10,4,1.75,1,2,1,4,NA,1,3,2,1,2,1371.424221,16.29113267,52.4,-126.6
Twana,SCCS133,1860,twa,Salishan,4,25,NA,88,NA,1,4,1,2,NA,NA,1,3,1,4,289.9366419,4.267911645,47.5,-123.8
Yurok,SCCS134,1850,yur,Algic,2,4,8,88,NA,1,4,2,2,NA,NA,3,2,1,2,708.775518,8.196150456,40.8,-124.17
Pomo_Eastern,SCCS135,1850,peb,Pomoan,2,2,4,3,1.5,1,4,2,2,NA,NA,2,3,1,2,412.392426,3.997958229,39.1,-123.2
Yokuts_Lake,SCCS136,1850,yok,Yokutsan,2,5,10,1,1,1,4,2,2,NA,0,2,2,1,3,914.232732,4.947206014,35.1,-119.4
Paiute_North,SCCS137,1870,pao,Uto-Aztecan,3,15,27,0,NA,1,2,2,1,NA,1,1,NA,1,1,1373.816377,1.477308598,43.58,-118.95
Klamath,SCCS138,1860,kla,Klamath-Modoc,4,20,35,9,3,1,4,2,2,NA,1,1,NA,1,1,1453.211911,2.182959216,42.2,-121.8
Kutenai,SCCS139,1890,kut,Kutenai,2,10,19,88,NA,2,4,2,1,NA,NA,1,3,1,1,1280.403379,8.167184299,48.7,-116.3
Gros_Ventre,SCCS140,1880,ats,Algic,5,40,60,5,2,2,4,1,1,NA,NA,1,NA,1,1,798.5379458,1.067780617,48.5,-109.8
Hidatsa,SCCS141,1836,hid,Siouan,5,90,97,0,NA,1,2,1,1,NA,NA,NA,3,5,1,569.7661938,0.740246596,46.77,-100.75
Pawnee,SCCS142,1867,paw,Caddoan,5,54,70,5,2,2,4,1,4,NA,NA,NA,3,3,1,789.0104898,0.482593219,42.07,-100.25
Omaha,SCCS143,1860,oma,Siouan,4,35,55,3,1.5,2,2,2,1,NA,NA,2,NA,3,2,357.8272391,0.488017063,41.37,-96.02
Huron,SCCS144,1634,wya,Iroquoian,1,0,0,3,1.5,2,4,2,2,NA,NA,NA,1,3,4,229.0414066,0.498427616,44.3,-78.3
Creek,SCCS145,1800,mus,Muskogean,4,NA,NA,9,3,3,2,2,1,NA,NA,2,2,3,2,184.0373376,0.6508976,34.25,-85.15
Natchez,SCCS146,1718,ncz,Natchez,4,NA,NA,88,NA,2,3,1,3,NA,NA,NA,NA,3,3,75.84794085,0.466912462,31.95,-91.23
Comanche,SCCS147,1870,com,Uto-Aztecan,5,NA,NA,6,2.25,1,4,2,1,NA,0,1,3,1,1,881.5286822,0.453898397,35.23,-101.7
Chiricahua,SCCS148,1870,apm,Athabaskan-Eyak-Tlingit,4,18,30,88,NA,1,4,2,1,NA,NA,1,NA,2,1,1513.00633,2.446482125,32.3,-109.5
Zuni,SCCS149,1880,zun,Zuni,1,0,0,2,1.25,1,4,1,1,NA,1,NA,2,6,2,2112.141041,1.912577118,35.5,-108.5
Havasupai,SCCS150,1918,yuf,Cochimi-Yuman,3,10,19,0,NA,1,2,2,1,NA,NA,NA,1,6,1,1823.548909,2.687952517,35.3,-112.2
Papago,SCCS151,1910,ood,Uto-Aztecan,4,27,49,1,1,1,5,2,1,NA,NA,NA,NA,6,4,872.3212644,1.426612204,32.9,-111.8
Huichol,SCCS152,1890,hch,Uto-Aztecan,3,NA,NA,0,NA,1,4,3,2,NA,1,NA,NA,3,2,667.0883457,5.870729327,21.03,-104.48
Aztec,SCCS153,1520,nhn,Uto-Aztecan,1,NA,NA,2,1.25,3,5,1,5,NA,NA,NA,2,6,5,1612.250082,4.164978534,19.4,-99.2
Popoluca,SCCS154,1940,poi,Mixe-Zoque,4,NA,NA,88,NA,1,2,1,1,NA,NA,NA,NA,3,4,135.7459382,1.436384565,18.15,-94.42
Quiche,SCCS155,1930,quc,Mayan,1,NA,NA,2,1.25,2,4,NA,2,NA,NA,4,NA,3,4,1481.195292,5.691740423,14.9,-91.5
Miskito,SCCS156,1921,miq,Misumalpan,3,2,4,0,NA,2,2,1,1,NA,1,2,NA,3,3,0.013430198,0.000935059,14.05,-83.37
Bribri,SCCS157,1917,bzd,Chibchan,3,5,10,0,NA,1,3,NA,1,NA,NA,NA,NA,3,3,409.0022502,3.350108114,8.9,-83.5
Cuna_Tule,SCCS158,1927,cuk,Chibchan,2,1,2,1,1,2,4,NA,2,NA,1,NA,NA,3,4,115.213918,1.479116289,9.2,-79.6
Goajiro,SCCS159,1947,guc,Arawakan,5,40,90,9,3,1,4,2,2,NA,1,NA,3,2,1,53.81142977,0.56815956,10.57,-71.73
Haitians,SCCS160,1935,hat,Indo-European,5,25,NA,1,1,4,4,1,5,NA,1,4,1,5,5,411.996407,4.537794395,18.57,-72.3
Callinago,SCCS161,1650,cab,Arawakan,4,30,60,88,NA,1,2,2,1,NA,NA,2,NA,5,3,73.0764176,1.383624499,14.6,-61.1
Warrau,SCCS162,1935,wba,Warao,5,60,95,9,3,1,2,NA,1,NA,0,1,NA,2,1,7.969606046,0.081520595,9.75,-63.18
Yanomamo,SCCS163,1965,guu,Yanomamic,5,38,56,9,3,1,2,2,1,NA,0,4,3,3,1,371.9399212,3.094242365,-0.98,-62.93
Carib_Barama,SCCS164,1932,car,Cariban,3,20,37,1,1,1,2,NA,1,NA,0,2,NA,3,1,123.7962262,0.53833015,6.8,-58.15
Saramacca,SCCS165,1928,srm,Indo-European,5,60,85,5,2,3,2,2,1,NA,NA,NA,3,3,3,238.9938542,0.798132244,3.78,-56.15
Mundurucu,SCCS166,1850,myu,Tupian,3,7,15,0,NA,1,2,1,1,NA,0,2,3,3,1,276.2847185,0.839878286,-7.4,-57.5
Cubeo_Tucano,SCCS167,1939,cub,Tucanoan,3,3,6,7,2.5,2,2,2,1,NA,0,NA,3,3,1,206.5130927,0.387330374,0.62,-69.2
Cayapa,SCCS168,1908,cbi,Barbacoan,1,0,0,1,1,1,4,NA,1,NA,1,NA,NA,4,2,890.2215043,4.895987605,1.1,-79
Jivaro,SCCS169,1920,jiv,Chicham,5,50,90,0,NA,1,2,2,1,NA,0,NA,3,3,1,512.8703343,3.358085175,-2.55,-78.93
Amahuaca,SCCS170,1960,amc,Pano-Tacanan,5,50,70,88,NA,1,1,2,1,NA,NA,NA,NA,3,1,378.9754301,0.534409015,-8.42,-74.6
Inca,SCCS171,1530,quz,Quechuan,1,10,27,88,NA,5,5,1,5,NA,NA,2,NA,6,3,3865.750051,8.417628586,-13.55,-71.98
Aymara,SCCS172,1940,ayr,Aymaran,1,0,0,6,2.25,3,4,2,2,NA,NA,4,2,3,5,334.2467435,1.184724562,-15.48,-70.15
Siriono,SCCS173,1942,srq,Tupian,3,11,38,5,2,1,2,2,1,NA,0,1,3,3,1,216.4127154,0.556071813,-13.33,-64.15
Nambicuara,SCCS174,1940,nab,Nambiquaran,4,31,55,88,NA,1,2,2,1,NA,0,1,NA,3,1,474.4098809,0.756615702,-16.05,-57.68
Trumai,SCCS175,1938,tpy,Trumai,3,12,22,1,1,1,2,2,1,NA,0,2,3,3,1,322.4355063,0.506407999,-15.6,-53.9
Timbira,SCCS176,1915,ram,Nuclear-Macro-Je,1,0,0,2,1.25,1,2,1,1,NA,1,2,3,3,2,430.4605752,1.270839766,-5.5,-45.27
Tupinamba,SCCS177,1550,tpn,Tupian,4,30,50,2,1.25,2,2,2,2,NA,NA,2,NA,3,1,564.0096916,4.044438556,-22.92,-43.17
Botocudo,SCCS178,1884,kqq,Nuclear-Macro-Je,3,33,55,88,NA,1,2,NA,1,NA,NA,1,NA,1,1,449.1006891,2.612195371,-19.83,-43.93
Shavante,SCCS179,1958,xav,Nuclear-Macro-Je,5,24,49,9,3,1,2,1,1,NA,NA,1,3,3,1,235.4973156,0.135552377,-15.92,-50.13
Aweikoma,SCCS180,1932,xok,Nuclear-Macro-Je,3,30,50,9,3,1,1,2,1,NA,NA,1,3,1,1,998.6653611,3.276480799,-27.1,-48.9
Cayua,SCCS181,1890,kgk,Tupian,3,NA,NA,0,NA,1,2,2,1,NA,NA,NA,NA,3,1,339.2511239,0.937030773,-24.59,-54.68
Lengua,SCCS182,1889,"enl, enx",Lengua-Mascoy,3,3,6,88,NA,1,2,2,1,NA,NA,1,NA,2,1,90.89928307,0.078129322,-23.4,-58.4
Abipon,SCCS183,1750,axb,Guaicuruan,4,5,10,5,2,1,1,2,4,NA,0,1,NA,1,1,50.55743102,0.069031218,-27.45,-59.05
Mapuche,SCCS184,1950,arn,Araucanian,4,6,10,5,2,1,4,2,2,NA,1,NA,2,5,4,190.2503976,1.894630113,-39.2,-71
Tehuelche,SCCS185,1870,the,Chonan,2,1,2,9,3,1,4,2,1,NA,NA,1,NA,1,1,780.0804888,0.950443614,-45.6,-69.1
Yahgan,SCCS186,1865,yag,Yamana,2,5,10,9,3,1,1,2,1,NA,1,3,3,1,1,35.70397339,1.369786856,-54.8,-68.32
